{"files":{"font-awesome/fontawesome-webfont-7bfcab6db99d5cfbf1705ca0536ddc78585432cc5fa41bbd7ad0f009033b2979.eot":{"logical_path":"font-awesome/fontawesome-webfont.eot","mtime":"2017-02-06T21:59:55+05:30","size":165742,"digest":"7bfcab6db99d5cfbf1705ca0536ddc78585432cc5fa41bbd7ad0f009033b2979","integrity":"sha256-e/yrbbmdXPvxcFygU23ceFhUMsxfpBu9etDwCQM7KXk="},"font-awesome/fontawesome-webfont-ad6157926c1622ba4e1d03d478f1541368524bfc46f51e42fe0d945f7ef323e4.svg":{"logical_path":"font-awesome/fontawesome-webfont.svg","mtime":"2017-02-06T21:59:55+05:30","size":444379,"digest":"ad6157926c1622ba4e1d03d478f1541368524bfc46f51e42fe0d945f7ef323e4","integrity":"sha256-rWFXkmwWIrpOHQPUePFUE2hSS/xG9R5C/g2UX37zI+Q="},"font-awesome/fontawesome-webfont-aa58f33f239a0fb02f5c7a6c45c043d7a9ac9a093335806694ecd6d4edc0d6a8.ttf":{"logical_path":"font-awesome/fontawesome-webfont.ttf","mtime":"2017-02-06T21:59:55+05:30","size":165548,"digest":"aa58f33f239a0fb02f5c7a6c45c043d7a9ac9a093335806694ecd6d4edc0d6a8","integrity":"sha256-qljzPyOaD7AvXHpsRcBD16msmgkzNYBmlOzW1O3A1qg="},"font-awesome/fontawesome-webfont-ba0c59deb5450f5cb41b3f93609ee2d0d995415877ddfa223e8a8a7533474f07.woff":{"logical_path":"font-awesome/fontawesome-webfont.woff","mtime":"2017-02-06T21:59:55+05:30","size":98024,"digest":"ba0c59deb5450f5cb41b3f93609ee2d0d995415877ddfa223e8a8a7533474f07","integrity":"sha256-ugxZ3rVFD1y0Gz+TYJ7i0NmVQVh33foiPoqKdTNHTwc="},"font-awesome/fontawesome-webfont-2adefcbc041e7d18fcf2d417879dc5a09997aa64d675b7a3c4b6ce33da13f3fe.woff2":{"logical_path":"font-awesome/fontawesome-webfont.woff2","mtime":"2017-02-06T21:59:55+05:30","size":77160,"digest":"2adefcbc041e7d18fcf2d417879dc5a09997aa64d675b7a3c4b6ce33da13f3fe","integrity":"sha256-Kt78vAQefRj88tQXh53FoJmXqmTWdbejxLbOM9oT8/4="},"profile-f7f6d0672765d75c0c68bbdec40300b7db0dac66f8ec43050ab81ec951c6760c.png":{"logical_path":"profile.png","mtime":"2015-07-22T11:48:13+05:30","size":6509,"digest":"f7f6d0672765d75c0c68bbdec40300b7db0dac66f8ec43050ab81ec951c6760c","integrity":"sha256-9/bQZydl11wMaLvexAMAt9sNrGb47EMFCrgeyVHGdgw="},"application-e2b43d90db8cb92f44e96296f958750f8fc0c6f966c8babe5c0eddb200f38a20.js":{"logical_path":"application.js","mtime":"2017-02-11T15:44:07+05:30","size":224558,"digest":"e2b43d90db8cb92f44e96296f958750f8fc0c6f966c8babe5c0eddb200f38a20","integrity":"sha256-4rQ9kNuMuS9E6WKW+Vh1D4/AxvlmyLq+XA7dsgDziiA="},"test-f168aba8c1972c06498b721b867690be90aeb63a8a161580839205eab7f2bc46.txt":{"logical_path":"test.txt","mtime":"2017-02-11T15:44:20+05:30","size":36,"digest":"f168aba8c1972c06498b721b867690be90aeb63a8a161580839205eab7f2bc46","integrity":"sha256-8WirqMGXLAZJi3IbhnaQvpCutjqKFhWAg5IF6rfyvEY="},"application-d92963d7082aad5217af8abc4d927d5f51137cfc08c4ce241586d165a926c8a4.css":{"logical_path":"application.css","mtime":"2017-02-06T22:17:16+05:30","size":169327,"digest":"d92963d7082aad5217af8abc4d927d5f51137cfc08c4ce241586d165a926c8a4","integrity":"sha256-2Slj1wgqrVIXr4q8TZJ9X1ETfPwIxM4kFYbRZakmyKQ="}},"assets":{"font-awesome/fontawesome-webfont.eot":"font-awesome/fontawesome-webfont-7bfcab6db99d5cfbf1705ca0536ddc78585432cc5fa41bbd7ad0f009033b2979.eot","font-awesome/fontawesome-webfont.svg":"font-awesome/fontawesome-webfont-ad6157926c1622ba4e1d03d478f1541368524bfc46f51e42fe0d945f7ef323e4.svg","font-awesome/fontawesome-webfont.ttf":"font-awesome/fontawesome-webfont-aa58f33f239a0fb02f5c7a6c45c043d7a9ac9a093335806694ecd6d4edc0d6a8.ttf","font-awesome/fontawesome-webfont.woff":"font-awesome/fontawesome-webfont-ba0c59deb5450f5cb41b3f93609ee2d0d995415877ddfa223e8a8a7533474f07.woff","font-awesome/fontawesome-webfont.woff2":"font-awesome/fontawesome-webfont-2adefcbc041e7d18fcf2d417879dc5a09997aa64d675b7a3c4b6ce33da13f3fe.woff2","profile.png":"profile-f7f6d0672765d75c0c68bbdec40300b7db0dac66f8ec43050ab81ec951c6760c.png","application.js":"application-e2b43d90db8cb92f44e96296f958750f8fc0c6f966c8babe5c0eddb200f38a20.js","test.txt":"test-f168aba8c1972c06498b721b867690be90aeb63a8a161580839205eab7f2bc46.txt","application.css":"application-d92963d7082aad5217af8abc4d927d5f51137cfc08c4ce241586d165a926c8a4.css"}}